id,titulo,autor,precio,idEditorial
1,How to Steal a Million,Kalli Askin,9748,6
2,There Goes My Baby,Dorolisa Cisar,7237,4
3,Frenchmen 2,Bronson Klebes,2479,3
4,Bad Blood: A Cautionary Tale ,Irvine Tabner,2528,2
5,Turks & Caicos,Adan Dowbiggin,7793,4
6,Carla's Song,Corine Yeates,143,4
7,Postman Blues,Berton Elijah,3721,2
8,"Party 2, The (Boum 2, La)",Currie Yakovlev,3900,3
9,Divorce American Style,Gabey Ladds,2717,2
10,"Hireling, The",Ardith Chasmoor,4346,1
11,Third Star,Jamaal MacSween,7138,6
12,"Kiss Me, Stupid",Westbrook Hodjetts,7560,6
13,Sinbad of the Seven Seas,Irv Pablo,2281,5
14,Men in Black (a.k.a. MIB),Garland Bush,807,4
15,"Browning Version, The",Edith Franses,3844,3
16,Your Friends and Neighbors,Kenneth Alexsandrov,8043,6
17,J.C. Chávez (a.k.a. Chavez),Breena Reay,5498,2
18,Defendor,Pat Tearny,5001,1
19,I'm with Lucy,Otto Binns,8561,4
20,4:44 Last Day on Earth,Betta Hugh,2346,4
21,"Steamboat Bill, Jr.",Karen Decker,5473,4
22,"Aura, The (Aura, El)",Sidnee Arne,9717,2
23,One Deadly Summer (L'été meurtrier),Casey Sleeman,4316,4
24,"Snowtown (Snowtown Murders, The)",Menard Sagrott,7634,1
25,Finder's Fee,Ashleigh Aubrun,581,6
26,War of the Shaolin Temple (Shao Lin shi san gun seng),Fiona Rubinshtein,6255,4
27,"Man from Beyond, The",Lazar Skatcher,771,6
28,The Magic Crystal,Brigida Aps,2393,5
29,Roads to Koktebel (Koktebel),Adair Esherwood,2605,2
30,"Love, Marilyn",Moselle Munnery,3064,5
31,Bastards of the Party,Ranice Carlucci,2068,5
32,Repo Man,Daisie Bailie,2695,5
33,Super Hero Party Clown,Francisca Delph,8146,2
34,Sharon's Baby,Darnell Blodgett,2549,1
35,It's a Bird,Etheline O'Dreain,407,2
36,West Side Story,Stanislaw Stodd,1410,5
37,"Rocker, The",Mignonne Jobson,6839,4
38,Isn't She Great?,Iolande Tellett,9211,3
39,Slim Carter,Linn Marchent,1225,4
40,"Dying Swan, The (Umirayushchii lebed)",Winfred Halfacree,1553,3
41,Shirley Valentine,Aldus Dumphy,4685,4
42,Eat Drink Man Woman (Yin shi nan nu),Joyce Pepon,7447,4
43,"Majestic, The",Kata Cohane,9672,5
44,Lon Chaney: A Thousand Faces,Michaela Maddrell,5975,3
45,Blood Work,Lee Mariner,1855,6
46,Chopper Chicks in Zombietown,Barbi Steiner,9333,1
47,Kanak Attack,Aldric Castagneto,440,2
48,Our Music (Notre musique),Ollie Elster,3303,2
49,"Promised Life, The (Vie promise, La)",Reta Weddeburn,5317,1
50,Presumed Guilty (Presunto culpable),Fonz Lympenie,4679,1
51,"Show, The",Abey Assante,9959,6
52,House of Sand (Casa de Areia),Arleyne Stanlack,9388,1
53,Good Boy!,Dix Acott,855,4
54,"Fearless Freaks, The",Jobina Allingham,7140,1
55,"First Deadly Sin, The",Chaim Redley,2377,6
56,Ragamuffin,Moishe Haddock,9603,4
57,"Ten, The",Krystal Mosconi,5167,4
58,Lumiere and Company (Lumière et compagnie),Leupold Bedinn,1096,4
59,"Lady Takes a Chance, A",Jephthah Farrah,3957,6
60,"Heart Is Deceitful Above All Things, The",Belita Doughty,6503,2
61,Breaking the Silence: Truth and Lies in the War on Terror,Persis Riddick,6247,4
62,Alcina,Courtnay Kilrow,4177,3
63,Miffo,Tallia Annion,6212,6
64,"Last Lovecraft: Relic of Cthulhu, The",Fairfax Braybrooke,3282,6
65,"Tracker, The",Everard Redbourn,3117,6
66,Europa Report,Frederich Vivyan,9619,5
67,"Story of Women (Affaire de femmes, Une)",Justine Kerins,630,1
68,Four Horsemen,Milka Graddell,4295,5
69,"Winning Season, The",Torr De Matteis,4560,4
70,PressPausePlay,Ximenes Iacomi,2150,1
71,Sonny,Dalston Vankov,1158,1
72,Abbott and Costello Meet Frankenstein,Arlena Ricart,8890,3
73,Saving General Yang,Danna Eckh,7542,1
74,"Lucía, Lucía (Hija del caníbal, La)",Almire Dowding,6356,5
75,Marc Maron: Thinky Pain,Dacia Ruoss,1323,2
76,Where the Boys Are,Vance Bracegirdle,5905,5
77,Beyond Tomorrow (Beyond Christmas),Jolyn Paulisch,5097,6
78,Sophie's World (Sofies verden),Felice Wellen,8284,5
79,Peacock,Joelie Earl,1543,4
80,Role/Play,Pernell Cossington,670,1
81,Shinjuku Incident (San suk si gin),Dara Lapwood,5983,1
82,"Pirates! Band of Misfits, The",Lowell Lagne,975,3
83,Life Is Sweet,Mollee Gaskin,4374,6
84,"Wicker Man, The",Dallas Briskey,2667,4
85,"Oath, The",Fair Ghiron,5393,4
86,Manny & Lo,Jedediah Beere,566,6
87,Dutchman,Gaston Forson,5115,4
88,"Evil That Men Do, The",Jecho Moffett,4745,4
89,Mata Hari,Trudey Hundal,1321,1
90,Bobby Deerfield,Tonya Gotfrey,4848,5
91,Babysitter Wanted,Charleen Gooble,2664,4
92,Silent Souls (Ovsyanki),Fons Rosedale,5554,4
93,Retro Puppet Master (Puppet Master 7),Sax Jumel,9371,6
94,"Babe, The",Lowrance Gian,4295,3
95,Clown,Modestine Bolver,2043,4
96,April Fool's Day,Ezri Calderonello,305,1
97,"Desperadoes, The",Ralina Quernel,1251,2
98,The Damned,Tersina MacRonald,1624,5
99,Punishment Park,Heywood Sweeting,1353,3
100,Dr. Bronner's Magic Soapbox,Ricard Rocks,6275,3
101,Screwed,Gisela Waggatt,211,5
102,Pilate and Others (Pilatus und andere - Ein Film für Karfreitag) ,Beaufort Farden,1350,4
103,"Scientist, The",Tess Boal,6793,3
104,Last Action Hero,Ethelind Greber,5042,3
105,Outlaw of Gor,Aurelea Dubbin,764,6
106,Hit and Runway,Corrine Scorey,2085,1
107,You'll Find Out,Royal Finnemore,7934,6
108,"Angel Named Billy, An",Deirdre Gerler,8112,6
109,Heir to an Execution,Clarinda Slyne,1995,5
110,Caught Up,Earlie Connerly,7040,5
111,Cheeky Girls,Kendall Flatt,7421,6
112,"Nightmare on Elm Street 3: Dream Warriors, A",Kaye Dyball,9305,5
113,Munich,Welbie Sanpere,5887,4
114,Montana Sky,Barrie Skyram,2462,3
115,Frances,Drusilla Tracey,4885,4
116,Rocker,Johnnie Blainey,1034,1
117,Ruhr,Ari Prestige,5050,6
118,Lie with Me,Erek Baysting,5476,5
119,"Beast Must Die, The",Adriena Celez,3121,2
120,Black and White in Color (Noirs et blancs en couleur),Kylie Hurche,6259,3
121,The Hunchback of Paris,Tome Bamlett,9254,5
122,"Whisperers, The",Dannie Pummell,5655,1
123,Investigating Sex (a.k.a. Intimate Affairs),Denys Lowes,6777,3
124,Shakthi: The Power,Rachel Pillington,3446,5
125,That's Black Entertainment,Reamonn Hurford,8382,6
126,Shanghai Kiss,Wallis O'Dowgaine,9818,4
127,"Goodbye, Columbus",Goldarina Tear,835,3
128,"Immigrant, The",Codie Alenshev,5948,2
129,The Message,Donelle Songust,548,3
130,Nude Nuns with Big Guns,Audrye Jouen,6724,1
131,"Awful Truth, The",Shepard Twitching,7841,1
132,All of Me,Natalina Kennham,1873,4
133,Tales from the Darkside: The Movie,Nicolette Geck,9482,3
134,Robin-B-Hood (Bo bui gai wak),Abigale Westraw,3965,6
135,Freeway II: Confessions of a Trickbaby,Jens McRonald,2091,5
136,Molly,Reinald Bowdrey,7809,1
137,"Jar, The (Khomreh)",Sadye Trainor,6374,3
138,"Core, The",Fidelio O'Duilleain,3333,6
139,Mad Love (Sappho),Harlen Gramer,5530,2
140,Mean Girls 2,Leann Saurat,308,4
141,"Kiss of the Vampire, The",Andee Costell,717,6
142,"Magnificent Yankee, The",Beverlee Losbie,2580,3
143,Iceman,Ailbert Burdon,1948,6
144,"Myth of the American Sleepover, The",Odie Martinho,6474,3
145,Tommy,Roxie Harrie,5769,3
146,And Then Came Lola,Elias Forseith,1853,2
147,"Believers, The",Gertrude Scurman,8373,1
148,Alvin and the Chipmunks: The Squeakquel,Jean Coie,3131,3
149,Godsend,Grissel Aishford,4156,5
150,Kronos,Tiffany Leathlay,8960,2
151,Sauna,Boyd Dunridge,2185,6
152,Topkapi,Korella Muncie,3361,4
153,Baadasssss! (How to Get the Man's Foot Outta Your Ass),Nanine Plumbridge,7223,1
154,"International, The",Meredith McDowell,4927,5
155,Never Let Me Go,Tess Maren,5440,5
156,Black Sun (Kuroi taiyô),Adriaens Rattenbury,8196,5
157,Modify ,Cati Bamfield,4038,5
158,Inside Deep Throat,Row Suddaby,2845,4
159,"Last Wedding, The (Kivenpyörittäjän kylä)",Barnaby Shoreman,759,6
160,Fist of Legend (Jing wu ying xiong),Hailee Mars,1203,2
161,Fail Safe,Ange Krimmer,9362,4
162,Then I Sentenced Them All to Death (Atunci i-am condamnat pe toti la moarte),Sonya Sydry,2427,5
163,"Shaolin Temple, The (Shao Lin Si)",Giorgi Ketts,5717,3
164,Charlotte's Web,Archambault Gunbie,200,6
165,"Girl from Jones Beach, The",Darren Maric,1923,5
166,Sushi Girl,Timmie Doore,1557,1
167,"I'm a Cyborg, But That's OK (Saibogujiman kwenchana)",Nessi Patterson,5264,5
168,"Laughing Woman, The (Frightened Woman, The) (Femina ridens)",Olivia Hulett,1313,3
169,"Larceny, Inc.",Dixie Duval,8592,3
170,Mackenna's Gold,Valma Shaughnessy,9045,4
171,Intimate Enemies (L'ennemi intime),Cherin Rentz,1876,1
172,22 Bullets (L'immortel),Antin Kettlewell,9838,2
173,Lay the Favorite,Adelice Pile,7879,2
174,Machete Maidens Unleashed!,Stanislaw Talbot,242,6
175,Thumbelina,Modestia Kobpac,4391,3
176,American Strays,Euell Waterland,9939,1
177,"Wog Boy, The",Kain Facey,2225,6
178,Worth Winning,Jolynn Dearnley,7027,5
179,Guess Who,Janna Feldbrin,8899,6
180,"Good Heart, The",Cynthie Ranaghan,6511,3
181,Girl in Progress,Stearn Petzold,5400,5
182,Flow,Adlai Freiberg,1188,6
183,Malice,Chery Cusick,8932,6
184,"Myriad of Lights (Lights of Ten Thousand Homes, The) (Wanjia denghuo)",Ed Tuvey,4168,6
185,Gozu (Gokudô kyôfu dai-gekijô: Gozu),Rollin Hilliam,5229,4
186,Monty Python's Life of Brian,Thaddus Auston,4101,2
187,Stay Alive,Albina Willford,4749,5
188,"Man Who Loved Cat Dancing, The",Angelico Tomsen,2201,3
189,God Save the King,Denyse Anthoney,4306,5
190,Magnificent Bodyguards (Fei du juan yun shan),Papageno Furzey,3736,4
191,Kill Bill: Vol. 2,Mic Julian,6470,3
192,"Pill, The",Morie Rathke,7631,2
193,"Physician, The",Caralie Tomala,4193,1
194,House Party,Chen Bernollet,1825,3
195,Hardcore,Helenelizabeth Lightollers,6453,1
196,"Plumm Summer, A",Sibby Clegg,7911,6
197,Assassin(s),Dorothy Prebble,5083,2
198,"Russia House, The",Carma Fairham,6812,6
199,Small Town Murder Songs,Sadella Vassall,2564,2
200,Half Moon Street,Betti Shakespear,3500,3
201,George Carlin: Life Is Worth Losing,Shurwood Van Arsdall,3828,5
202,Male Domination,Salim Gout,3444,6
203,"Third Wave, The (Tredje vågen, Den)",Clotilda Govini,2180,3
204,"Tickle in the Heart, A",Krishna Curror,581,3
205,"Goat, The",Kellina Giffaut,3359,2
206,3 Ninjas Kick Back,Timmie Grimmert,1139,3
207,"Separation, The (Séparation, La)",Debbie Helsdon,6286,6
208,Billy Jack,Sissie Zienkiewicz,1765,6
209,Living on One Dollar,Hernando Shirtcliffe,1467,5
210,Megaforce,Tracie Gowrie,988,4
211,Dr. Wai in the Scriptures with No Words (Mao xian wang),Rem Prayer,9999,2
212,"Hell Without Limits (Lugar sin límites, El)",Dara Brugsma,2649,1
213,Donner Pass,Sunshine Satterfitt,694,2
214,"Captain's Paradise, The",Federico MacAne,2959,3
215,Age of Ice,Barbee Wanka,6839,6
216,Plácido,Mahmoud Bednall,2761,2
217,Frankenhooker,Rosette Gollard,872,1
218,So Fine,Cindy Raith,7630,6
219,"It's Me, It's Me (Ore Ore)",Dorothea Melbourn,9616,5
220,"Happiest Girl in the World, The (Cea mai fericita fata din lume)",Sheridan Barz,6645,4
221,Batman,Mata McClarence,2405,5
222,Sinbad and the Eye of the Tiger,Berty Humbert,7172,2
223,American Son,Burch Aimable,1045,1
224,"Strange Case of Dr. Jekyll and Miss Osbourne, The (Dr. Jekyll and His Women) (Docteur Jekyll et les femmes)",Renaud Dunster,358,2
225,Edge of the City,Cristen Conahy,2841,2
226,Symbiopsychotaxiplasm: Take One,Isabel Rains,2886,2
227,One Way Passage,Bendick Koch,5834,4
228,As If I Didn't Exist (Elina - Som om jag inte fanns),Rita Ricart,8087,1
229,2:13,Cullie Oldland,4417,6
230,"Sword of Doom, The (Dai-bosatsu tôge)",Janetta Petrasso,6744,2
231,Dallas: War of the Ewings,Arlie Chinn,3626,1
232,"Story of the Late Chrysanthemums, The (Zangiku monogatari)",Ruth Crayton,712,3
233,Valentino: The Last Emperor,Isahella Zukerman,8267,4
234,Woman Obsessed,Lizbeth Laver,3279,6
235,"Prodigal Son, The (Bai ga jai)",Anne-marie Redgate,5590,5
236,Miracle on 34th Street,Vanni Lathy,3952,4
237,Madeleine,Freeman Bulluck,3134,5
238,Bowery at Midnight,Kath Blazewicz,7905,5
239,Christmas on Mars,Lucian Reavey,4524,5
240,Safe Haven,Cloe Lowseley,2196,5
241,Passion Flower,Olimpia Franceschino,9159,5
242,"Night of the Hunted, The (Nuit des traquées, La)",Mirna Barthelme,2781,1
243,Crossroads,Laryssa Rembrandt,397,1
244,Smiles of a Summer Night (Sommarnattens leende),Margaux Sykora,1751,6
245,Kisses for My President,Annissa Ashwin,4196,6
246,Showdown in Little Tokyo,Modestia Ovey,7447,3
247,Housefull 2,Giacomo Rillett,1226,4
248,Punch-Drunk Love,Mill Casella,9336,4
249,In Their Sleep (Dans ton sommeil),Merilee Tampin,3869,6
250,Left Luggage,Glynnis Fawdrie,3712,1
251,Visiting Hours,Maryjo Jeckells,9927,1
252,Four Christmases,Alfredo Beneyto,4431,4
253,97 Percent True,Kennett Ilchuk,9031,6
254,Dark Victory,Denis Gurney,320,3
255,Army of Darkness,Morry Wimpeney,8271,5
256,Opposing Force,Lorin Buckerfield,3327,4
257,Faat Kiné,Wash Shiril,8679,6
258,Crazy People,Leda McGeechan,6468,6
259,Cape Fear,Beauregard Dove,1974,5
260,Frequency,Nichole Jimpson,3017,4
261,Desire,Raimondo Chalice,3775,3
262,Fellini: I'm a Born Liar (Fellini: Je Suis um Grand Menteur),Debbi Tolson,8223,3
263,Retribution (Sakebi),Enrichetta Debrett,7526,3
264,Quebrando o Tabu,Jillian FitzAlan,3526,4
265,Marilyn in Manhattan,Marlowe Lanceter,629,2
266,Source Code,Ingmar Ragg,6622,4
267,Mr. Deeds Goes to Town,Emelina Skerratt,5250,4
268,The Third Half,Odelle Top,8774,5
269,Mother Lode,Ellwood Caws,285,3
270,"Extraordinary Adventures of Adèle Blanc-Sec, The",Catarina Rafferty,4403,1
271,Shoppen ,Bay Gregorio,4143,2
272,Remember the Titans,Lebbie Killingbeck,5356,2
273,Deadly Prey,Berti Ellingford,267,1
274,"South Shaolin Master, The (Nan quan wang)",Anne-marie Studdert,7044,6
275,Cape Fear,Talyah Losseljong,6085,3
276,American Gun,Berta Iacovides,9833,4
277,Role Models,Ricardo Holton,5729,1
278,Il cappotto di legno,Tyne Dew,9245,5
279,Lost in Austen,Shellysheldon Aronstein,4391,5
280,Million Dollar Mystery,Ax Dalrymple,8089,5
281,Bandits (Bandidos),Lauretta Greschke,6172,2
282,"Pope's Toilet, The (El bano del Papa)",Hally Van der Krui,6516,6
283,"Way We Were, The",Lotty Roscher,2818,1
284,Topaze,Rania Graver,1355,3
285,Zaza,Claude Kaminski,8211,1
286,Your Highness,Brianna Mixture,4395,1
287,L.A. Without a Map,Lory Culham,5646,4
288,Holiday Inn,Arabel Autie,2157,5
289,"Swell Season, The",Linea Poone,7585,6
290,"Fine Madness, A",Abrahan Berrisford,9981,5
291,Jade Warrior (Jadesoturi),Barbie Janowski,8480,3
292,Tere Bin Laden,Luciano Bakhrushin,9284,5
293,Anger Management,Tracy Crallan,1578,3
294,"Tale of Two Sisters, A (Janghwa, Hongryeon)",Stormy Espasa,3462,6
295,"Good Man, A (Un buen hombre)",Klemens McMarquis,8312,4
296,Dark Water (Honogurai mizu no soko kara),Hercule Fauguel,2379,3
297,Personal Property,Nathan Amner,8634,5
298,Castaway on the Moon (Kimssi pyoryugi),Law MacNeill,6880,6
299,Father of Invention,Flory Neeves,1019,5
300,Nine to Five (a.k.a. 9 to 5),Justinn Pashen,5689,3
301,Pelle Svanslös,Nydia Ravenscroft,6633,2
302,"Big Green, The",Vassily Fellgett,832,1
303,Butterfly Girl,Dody Fishburn,9736,1
304,Going to Pieces: The Rise and Fall of the Slasher Film,Dido Chant,8560,3
305,"Man in Grey, The",Yuri Buchanan,8408,6
306,Odgrobadogroba,Vivie Crathorne,8969,5
307,By the People: The Election of Barack Obama,Glennie Boreland,2074,2
308,Memory Lane,Hansiain Kenewell,9776,3
309,"Atlantis, the Lost Continent",Mace Shelmardine,1923,6
310,Number Two (Numéro deux),Miller Ebbett,3816,2
311,Lovers and Other Strangers,Jermain Ferreli,245,4
312,"Goodbye, Dragon Inn (Bu san)",Karin Jaine,3181,1
313,Air America,Annalise Gregoire,6654,3
314,Dodes'ka-den (Clickety-Clack),Rock Fawks,7042,3
315,Harvard Beats Yale 29-29,Suzann Sympson,9094,1
316,The Second Best Exotic Marigold Hotel,Sophey Braam,5752,3
317,Jack Frost,Dorelia Adamides,7046,4
318,Azumi,Dael Purrier,823,3
319,"Best Man, The",Cheslie Kenion,7059,2
320,Breathless,Ursulina Skyram,6021,2
321,Born to Be Bad,Abbe De Antoni,5457,6
322,Snipes,Aldwin Russ,6747,2
323,Objectified,Trudie Pirnie,8171,5
324,The Challenge,Enid Gibling,7706,3
325,Mad City,Jemima Hunnisett,413,4
326,Bar Girls,Griffin MacPaden,681,4
327,"Tom, Tom, the Piper's Son",Chrystal Parysiak,800,6
328,Finding Fela!,Darryl Jinkin,3051,4
329,Roll Bounce,Cyndia Richarz,6976,1
330,"Stationmaster Is on Fire - The Movie, That Is!, The (Stinsen brinner... filmen alltså)",Gasparo Toffetto,6339,5
331,Across the Bridge,Cassondra Houseago,9186,3
332,"Flying Scotsman, The",Bendicty Newey,6164,4
333,Connie and Carla,Hercules Itscowicz,8546,1
334,Stacy,Donalt Bawcock,4405,5
335,Excuse My Dust,Arabelle Burcher,2840,5
336,"Troll in Central Park, A",Marilyn Costin,9726,2
337,"Long Way Down, A",Hymie Lyokhin,6553,6
338,"Frank McKlusky, C.I.",Rivy Crose,9139,3
339,"Billy Blazes, Esq.",Tedman Brownsea,8221,4
340,The Baby Maker,Cathyleen Grestye,1785,1
341,"Family, The (Famiglia, La)",Rebekah Egdell,2748,4
342,Dragon Fist (Long quan),Ignacio Dadson,1939,5
343,Just Cause,Berna Apthorpe,4710,4
344,Feds,Jock Abby,792,4
345,I Accuse,Joana Plaxton,6912,6
346,Antique (Sayangkoldong yangkwajajeom aentikeu),Charlotte Colebeck,1887,2
347,Deranged,Juieta Moxstead,298,3
348,Lost in La Mancha,Rozalin Andino,2262,3
349,Kansas City,Amelina Meynell,5552,6
350,Twice-Told Tales,Nappie Atrill,1192,6
351,Zatoichi and the Doomed Man (Zatôichi sakate giri) (Zatôichi 11),Jeniffer Whitford,1017,6
352,Vamps,Randi Brusle,9310,3
353,Get Carter,Brandy Holson,4972,4
354,Remember Me,Loria Lutty,8053,3
355,Bigfoot,Louisa Beckworth,6843,3
356,Blame it on Fidel! (La faute à Fidel!),Johnathan Roumier,9179,6
357,"Thin Red Line, The",Isac De Meyer,7010,6
358,Caramel (Sukkar banat),Meier Falconbridge,8236,4
359,Pope Joan (Die Päpstin),Doy Wiles,414,6
360,Finding Amanda,Garrek Strasse,4891,4
361,Late Phases,Amabel Witz,5375,1
362,Tangled Ever After,Amber Ponte,8748,5
363,"4th Floor, The",Diann Surgison,2579,3
364,Charly,Bryan Oliver-Paull,7444,1
365,Enemy Mine,Husein Skyrm,1252,4
366,Charlie Chan in The Chinese Cat,Zacharie Chastan,1079,1
367,Hiding Cot (Piilopirtti),Jillana Ludron,1195,3
368,The Boys,Flin Pentony,6049,4
369,Ferocious,Dolf Gilhooly,8492,5
370,How 2 Build a Rapper,Latashia Gartside,631,2
371,Cremaster 2,Berke Le Conte,8005,6
372,Finding a Family,Gardner Goligher,1449,3
373,Superman Returns,West Bartalini,3428,1
374,Dream Man,Pearline Sterndale,2519,1
375,Arthur,Huntley Willimot,637,6
376,"Modern Affair, A",Ursola Felgat,8311,4
377,How to Murder Your Wife,Inez Bentote,9233,3
378,Traveller,Elmira Betz,8574,4
379,Little City,Muriel Drance,3577,6
380,Fake It So Real,Idette Dake,2403,3
381,Everybody Wins,Kerry Carmo,6473,4
382,Three Colors: White (Trzy kolory: Bialy),Mair Schooley,2465,5
383,"Big Hand for the Little Lady, A",Amos Dye,2529,1
384,"O Brother, Where Art Thou?",Onofredo Heynen,7114,5
385,Black Girl (La noire de...),Hilario Bulleyn,2627,3
386,Mistaken for Strangers,Concordia Pilmore,9471,1
387,Puss in Boots,Ramsay McKeowon,4314,6
388,Back Stage,Cori Lethlay,6296,1
389,"Kentucky Fried Movie, The",Zak Jeakins,7110,5
390,Vali,Marieann Welling,8766,1
391,Sasayaki (a.k.a. Moonlight Whispers) (Gekkô no sasayaki),Henrieta Gley,6514,4
392,Imagine That,Melesa Eshmade,693,5
393,Royal Wedding,Ardyth Foddy,9461,1
394,Blue Skies,Markus Marrow,3603,1
395,Marie and Bruce,Cassi Frostick,149,5
396,Night of the Demons,Kort Halfhyde,1424,4
397,"Last Bolshevik, The (Tombeau d'Alexandre, Le)",Berty Yushmanov,9434,1
398,Pekka ja Pätkä lumimiehen jäljillä,Glennie Clemmett,8311,3
399,Indiscretion of an American Wife (a.k.a. Terminal Station) (Stazione Termini),Fenelia Casassa,7385,1
400,Clerks II,Carolyn Lintot,4328,5
401,Manon of the Spring,Danna Rigbye,9223,3
402,"Henry IV, Part I (First Part of King Henry the Fourth, with the Life and Death of Henry Surnamed Hotspur, The)",Mildrid Otson,9771,3
403,Deep in the Woods (Promenons-nous dans les bois),Whitaker O'Dooghaine,4519,6
404,Wedding Crashers,Alaine McCraine,5779,5
405,Fraternity Demon,Isaak Thurner,980,1
406,Sherlock Holmes: A Game of Shadows,Diann Admans,4049,5
407,"Castle, The",Clarine Piolli,236,1
408,"Million Dollar Hotel, The",Ewart Soppit,5389,4
409,"Nightmare on Elm Street 5: The Dream Child, A",Craig Threadgall,9126,3
410,American Gigolo,Hillary Tilliard,5839,3
411,Elvis and Me,Fae MacRierie,5822,1
412,"World's Greatest Lover, The",Leanor Stickel,7974,2
413,Bob Saget: That Ain't Right,Godfree Westrip,1654,2
414,Dead Ahead: The Exxon Valdez Disaster,Raquela Drynan,7402,1
415,Let Him Have It,Gena Goligher,7688,4
416,Third Star,Danella Sagg,8371,2
417,Patty Hearst,Arley Broster,8277,4
418,"September Issue, The",Saundra Greenroyd,7327,4
419,Ten,Christyna Darrach,1446,4
420,Boys,Steffen Shoemark,3140,6
421,"Big House, The",Phyllys Kunkler,2589,4
422,Blood and Concrete (Blood & Concrete: A Love Story),Hadley McKeever,7185,1
423,Nukes in Space,Patty Coste,1169,5
424,American Hardcore,Gerrilee Winkless,9618,3
425,Escape to Athena,Julia Biggins,9416,5
426,Another Chance,Lisa Cochrane,1036,4
427,Curse of the Ring (Ring of the Nibelungs),Birgitta Schout,1251,2
428,Ghost Machine,Melinda McBratney,4974,1
429,Book of Love,Wilfrid Leigh,3853,5
430,Our Paradise (Notre paradis),Alexina Wakefield,7043,5
431,My Geisha,Adena Augie,7189,2
432,White Fang (Zanna Bianca),Reggy Odom,7577,2
433,September,Shalna Cowpertwait,4423,5
434,"Mummy, The",Arny Aliman,8839,2
435,Mommy,Freeland Buesnel,8349,5
436,"Last Season, The",Cirillo De Cristoforo,3929,5
437,"Ball, The (Le bal)",Margy McIlharga,4250,4
438,"Serious Man, A",Clovis Zoanetti,6525,1
439,One Night of Love,Vevay Madigan,7533,4
440,"Scarecrow, The",Tracee Broker,219,1
441,Battlestar Galactica,Dwain Borzoni,1541,2
442,Abbott and Costello Meet the Keystone Kops,Abie Sambrok,3890,1
443,Fanatics (Kulman pojat),Dacey Aronoff,8234,4
444,River of No Return,Cristobal Sanzio,1708,5
445,Mister Roberts,Randolf Biggans,6064,1
446,Jerry Springer: Ringmaster,Doe Wenderott,8202,4
447,"Muppet Christmas Carol, The",Olly Medley,2966,2
448,Godzilla 2000 (Gojira ni-sen mireniamu),Adeline Carragher,4698,5
449,Beyond Re-Animator,Esme Maus,6295,1
450,Alphabet City,Karlyn Newcombe,8964,5
451,101 Dalmatians,Imogen Tongs,8932,1
452,Barefoot (Barfuss),Filbert Deeley,5097,5
453,"Wings of Eagles, The",Tye Waldram,6417,5
454,"Boys Are Back, The",Daryle Dutnell,5460,2
455,Men of War,De witt Mallatratt,8269,1
456,Fever Pitch,Rice Nottingham,4069,4
457,"Passion of Joan of Arc, The (Passion de Jeanne d'Arc, La)",Audry Rawsthorn,5778,1
458,Steamboy (Suchîmubôi),Quincy Goodyear,2598,5
459,Night Flier,Sharleen McEttigen,4955,2
460,"Christine Jorgensen Story, The",Georgeta Bing,6977,5
461,One Step Ahead of My Shadow,Brandy Bambrough,7003,1
462,Ship of Fools,Hannis Maddox,852,5
463,"Love of Siam, The (Rak haeng Siam)",Homere Gibbetts,4358,6
464,"Stepdaughter, The",Marty Wadeling,984,5
465,Sky West and Crooked (Gypsy Girl),Renault Alenichev,1863,3
466,Monster,Kerianne Vaszoly,6508,1
467,Giallo,Jeffry Himsworth,6315,3
468,Mad Monster Party?,Nannie Lovart,1210,2
469,Dodsworth,Patrizio Pickring,9395,1
470,I Think I Love My Wife,Lars Yakobovitz,4256,3
471,Betrayed,Lilia McAlroy,8805,5
472,Eye of the Needle,Putnem Rattenberie,4581,2
473,Kiss Them for Me,Katerine Johnstone,4970,4
474,Torrente 2: Misión Marbella,Meredith Serridge,640,5
475,Mischief Night,Locke Hick,570,1
476,Silent Witness (Do Not Disturb),Mei Pitcock,4863,5
477,Nothing's All Bad,Camille Styche,9908,2
478,Hell Is for Heroes,Arline Davitt,7046,2
479,"Mayday at 40,000 Feet!",Monah Dullard,250,2
480,Frisco Jenny,Trueman Seale,6319,3
481,The Interview,Cassie Hulburd,6595,2
482,Noel,Fredric Leedes,8940,2
483,Earth vs. the Flying Saucers,Sam Wabb,9766,2
484,Magic Hunter (Büvös vadász),Sherie Shilstone,5160,3
485,"First Texan, The",Tildie Dimmock,3964,6
486,Born Reckless,Gerri Haselgrove,9576,4
487,"Lake, A (Un lac)",Ash Casaroli,5390,2
488,Film ist.,Marylou Bendelow,4383,2
489,Kids for Cash,Denyse Batrop,3855,2
490,40 Pounds of Trouble,Jermaine Baudins,6011,3
491,Cleanflix,Benji Verry,1875,2
492,Three (a.k.a. 3),Denis Imlaw,7532,3
493,"Happiness Is in the Field (Bonheur est dans le pré, Le)",Lindsey Pucker,1182,4
494,La nación clandestina,Barclay Bonafacino,4881,1
495,Highway to Hell,Hazel Pedrocchi,417,2
496,Outskirts (Okraina),Alexio Duckett,2725,4
497,Hostile Witness,Ervin Tomasik,3192,5
498,Kedma,Percy Aronin,8602,3
499,"Story of Ruth, The",Estele de Clerc,3263,2
500,Seyyit Khan: Bride of the Earth (Seyyit Han),Jan Dohrmann,2416,3
501,Bird on a Wire,Brendis Grellis,8792,1
502,"House of Yes, The",Heinrik Petty,6306,3
503,"Taxing Woman, A (Marusa no onna)",Blondie Kitney,5526,1
504,Chapayev,Rosco Bielfelt,4628,2
505,Family Weekend,Laurence Creggan,610,6
506,Atomic Rulers of the World,Goldarina Stading,1530,5
507,Boogie-Doodle,Augustin Snel,7724,4
508,Nanayo (Nanayomachi),Lyn Tommasetti,1833,3
509,Alice,Shermy Paragreen,2259,5
510,"Thieves, The (Dodookdeul)",Boyd Peacey,9842,4
511,Saratoga Trunk,Marne Schowenburg,1154,5
512,Rhino Season (Fasle kargadan) ,Ernest Aitchinson,3423,5
513,Martha,Joane Hrishchenko,3753,1
514,Analyze This,Donella Crutch,3475,2
515,Margaret Cho: Assassin,Erin Quiddington,7170,5
516,Never Weaken,Powell Jurick,8398,1
517,7 Virgins (7 vírgenes),Maude Furtado,7921,6
518,Ghostbusters II,Danny Strippel,8937,2
519,"Pact, The",Rosina Hendrickson,6718,4
520,Tarnation,Husein McEwan,3694,4
521,Mr. Pip,Jodie Comellini,4395,4
522,Desk Set,Kellen Mounfield,8030,5
523,Lord of the Flies,Gustaf MacAnespie,850,6
524,Street Fighter,Mort Antham,3656,1
525,Christmas in Conway,Kahlil Brader,5493,1
526,Casino Jack and the United States of Money,Hulda Curner,6536,2
527,"Rack, The",Mikel Patrono,555,4
528,"Witchfinder General (Conquerer Worm, The)",Che Haugg,2421,2
529,You Don't Know Jack,Mirella Stormonth,5698,5
530,Big Fish,Walt Davidovitch,6281,5
531,Vanishing Point,Mallorie Willox,6055,4
532,Flying Tigers,Jan Chantrell,4881,1
533,From Within,Kip Holburn,685,3
534,"Story of Maths, The",Brina Kemmis,3727,1
535,Fist of the North Star,Kelcie McCloughen,5072,4
536,"Necessities of Life, The (Ce qu'il faut pour vivre)",Tibold Kupke,7041,5
537,Miss Representation,Godwin Cator,8058,6
538,"Bad Girls (Biches, Les)",Alison Pretor,602,4
539,47 Ronin,Bibby Dobbings,6129,6
540,Charlie Chan's Secret,Clerc Lehrmann,7999,1
541,Enigma,Dunc Dowdall,3342,1
542,Secret Things (Choses secrètes),Flori Argo,8410,6
543,American Scary,Anne-corinne Hutcheon,2021,6
544,Shadow Puppets,Tessie Hickisson,8542,2
545,"Muppet Christmas: Letters to Santa, A",Beniamino Yapp,8587,6
546,"Late Quartet, A",Aurel Lanchester,2120,5
547,American Pie Presents The Naked Mile (American Pie 5: The Naked Mile),Wanids Hansill,3273,2
548,"Phantom Lover, The (Ye ban ge sheng)",Meta Heijnen,7844,3
549,"Rocker, The",Whitman Ruusa,4085,4
550,Ghost,Malchy Flatt,1206,4
551,Once My Mother,Pierson Vaud,9353,2
552,Dog Nail Clipper (Koirankynnenleikkaaja),Cullen Domegan,5091,3
553,Megamind,Ashton Rizzini,7809,2
554,"Confessor, The (a.k.a. The Good Shepherd)",Rayner Wones,8113,5
555,Dolemite,Adelice Edmeades,9817,1
556,They Came Back (Les Revenants),Lita Meadley,8300,2
557,Tough and Deadly,Lira Bloggett,8089,4
558,"Better Place, A",Austin Fosher,557,3
559,Liberal Arts,Philippa Phizakarley,1765,4
560,Taken 2,Dominick Woodcraft,3067,2
561,"Fifth Estate, The",Binny Emmines,577,6
562,Enon opetukset,Elroy Bullas,6078,2
563,Il piccolo diavolo,Dunstan Liff,2486,2
564,"Hunting Party, The",Clare Basset,6217,1
565,Castle of Purity (El castillo de la pureza),Nicolai Birkenshaw,1235,2
566,"Haunted House, The",Horacio Bonallick,1272,1
567,Two Girls and a Sailor,Jewelle Leate,6943,2
568,"Day of the Doctor, The",Ragnar Doge,7161,2
569,The Mummy's Shroud,Karin Filinkov,834,6
570,Week-End in Havana,Chadwick Balasini,4707,2
571,Allegheny Uprising,Brockie Prandin,6481,1
572,Experiment Perilous,Denyse Stitson,4962,1
573,Off the Black,Carlos Tschersich,2146,1
574,Into the Blue 2: The Reef,Eddie Jumonet,243,6
575,Incredible Rocky Mountain Race,Timmy Fones,1497,6
576,The Menacing Eye,Broderic Dibbert,3343,2
577,Gambit,Hazlett Deverall,4874,2
578,Hysteria,Haily Peres,8986,4
579,Sunrise: A Song of Two Humans,Kilian Coll,2231,3
580,Cube Zero,Brucie Sporner,1945,4
581,"Cat and the Canary, The",Thorndike Roxburch,7117,2
582,Butterfly (La lengua de las mariposas),Sigvard Brobyn,3049,3
583,Charlie Chan in Honolulu,Georgie Tuma,2230,2
584,"Invisible Sign, An",Elizabeth Nockalls,9441,4
585,I Love Sarah Jane,Mehetabel Goodayle,4988,2
586,Everybody's Woman (La signora di tutti),Sherie Bottini,4274,4
587,Rapado,Wyn Drinkale,3129,4
588,Bullet to the Head,Eada Deaves,8299,4
589,"American Werewolf in London, An",Shaine Heinzel,9585,5
590,"Personals, The (Zheng hun qi shi)",Georgette Yansons,8104,5
591,St. Elmo's Fire,Camila Wortman,4973,1
592,Battle of Los Angeles,Luce Hayer,4507,3
593,Eight Below,Rosaleen Naisbitt,4882,1
594,"Wendell Baker Story, The",Dory Elland,4403,6
595,"Last Winter, The",Daron Krystof,3659,3
596,New Jersey Drive,Almeria Saull,121,1
597,"Scarlet Letter, The",Noreen Kynge,5673,2
598,"Help, The",Cordi Cleugh,4967,3
599,Funny Games U.S.,Martino Hugin,9316,6
600,Cremaster 3,Sianna Leith-Harvey,2914,1
601,"Internet's Own Boy: The Story of Aaron Swartz, The",Cher Shrimpton,2147,5
602,"Lower Depths, The (Les bas-fonds)",Prisca Cutmere,1313,2
603,Regret to Inform,Georgie Thys,3475,5
604,Mississippi Burning,Boigie Billett,1680,3
605,"World's End, The",Eliza Gouldeby,1282,4
606,Haiku Tunnel,Berri Pilipets,5188,4
607,Dinner at Eight,Diann Corkell,3154,2
608,Nobody's Baby,Zechariah Willatts,8360,5
609,Frances,Lenka Faull,6452,2
610,Doctor at Sea,Dalton McDougall,8751,4
611,Killer (Bulletproof Heart),Adelina Blumer,1642,3
612,Carless Love,Cleo Eastwood,8153,1
613,Magnificent Warriors (Zhong hua zhan shi),Sawyer Pynn,623,6
614,"Misérables, Les",Steward Lumpkin,3214,3
615,My Best Enemy (Mi mejor enemigo),Esme Oats,6398,5
616,"Circle, The",Jennilee Sommersett,8861,3
617,Killers,Idalina Caldecot,3538,4
618,They Call Us Misfits (Dom kallar oss mods),Rolf Beadnell,9112,3
619,Wild Orchid,Almire Filkov,7346,4
620,"High Cost of Living, The",Abe Ridgewell,9415,4
621,Girl Play,Nancy Spicer,5391,5
622,"Collector, The",Burch Cater,9854,6
623,C.H.O.M.P.S.,Eve Castiello,7893,5
624,Everybody's Famous! (Iedereen beroemd!),Kirsti Trulock,7879,6
625,Perfume,Nicolis Orht,812,6
626,Persona,Robyn Hales,7219,1
627,"Pawnbroker, The",Marina Portail,3527,5
628,Flight of the Navigator,Sayers Figgen,3670,2
629,Sammy and Rosie Get Laid,Shepard Sames,7236,1
630,"Kiss, The",Pavia Ebunoluwa,1559,6
631,"King of Texas, The",Garwin MacGilrewy,1840,3
632,The Mule,Ingunna Hansen,7939,2
633,Rookie of the Year,Armando Bohin,6160,1
634,The Private Life of Deer,Standford Shackleford,7368,3
635,Private Parts,Lennie Leat,5495,4
636,"Little Prince, The",Frasquito Bulle,5451,1
637,12 Days of Terror,Correy Sprosson,3461,4
638,"Attack, The",Jameson Glasper,2960,2
639,"Big Heat, The",Orelee Norville,2331,6
640,Le créateur ,Mariann Kenworthy,8260,3
641,"Prophet, A (Un Prophète)",Jamil Peters,8094,1
642,Two Times Lotte,Ilyssa Daymond,5958,6
643,"Love, Money, Love",Creighton Barenski,6306,6
644,Planet of the Apes,Munmro Alelsandrowicz,7103,4
645,Prometheus,Dulcie Aymeric,5241,4
646,"Fox, The",Jean Deerness,6572,3
647,Noah's Ark,Tomaso Allot,6365,2
648,Angel,Alene Wallenger,5747,6
649,"Big Steal, The",Fredelia Sekulla,8997,5
650,Gory Gory Hallelujah,Rustin Chinnick,5841,3
651,Serving Life,Tallie Glasson,8110,3
652,Capturing Mary,Manny Danbi,1772,4
653,Just a Kiss,Shannan McMenamin,7786,3
654,Wonder Woman,Dar MacCafferty,2581,1
655,"State Witness, The (Swiadek koronny)",Aube Tidridge,3870,2
656,Blood and Wine (Blood & Wine),Inger Abby,7457,5
657,Women of the Night (Yoru no onnatachi),Minta Gault,1671,5
658,"Hurricane Express, The",Garrik Jennery,7074,6
659,Holy Rollers,Rriocard Howsam,8630,4
660,Assassination of a High School President,Odetta Busher,8246,3
661,My Mother's Courage (Mutters Courage),Winston McClune,7244,2
662,"Lonely Passion of Judith Hearne, The",Rolland Rabson,3875,2
663,Elevator to the Gallows (a.k.a. Frantic) (Ascenseur pour l'échafaud),Christine Allott,8739,1
664,Like Mike,Esme Pentony,9618,2
665,Speaking of Sex,Stacey Dybald,6576,4
666,"Rum Diary, The",Arnie Nowak,180,4
667,Scenes from the Class Struggle in Beverly Hills,Byran Fawdry,873,3
668,Vessel of Wrath,Rick Benedito,1519,1
669,All Is Lost,Delia Scholl,6207,4
670,Fate (Yazgi),Danita Bilton,1881,6
671,Général Idi Amin Dada: A Self Portrait (Général Idi Amin Dada: Autoportrait),Tatiania Hoofe,8916,3
672,"War, Inc.",Hymie Eldredge,5420,6
673,"Rescuers Down Under, The",Halimeda Chellenham,8783,1
674,The Beehive,Chen Blooman,5300,3
675,Curse of the Pink Panther,Tedmund Mayer,4336,5
676,Star Wars: The Clone Wars,Wake Bartles,9186,6
677,Far Cry,Waldon Klimp,6027,1
678,Frankenstein and the Monster from Hell,Clemmy Hemstead,9589,3
679,Planet of the Apes,Alan Minithorpe,1355,2
680,Tales of Ordinary Madness (Storie di Ordinaria Follia),Ramsay Vitler,589,1
681,Babylon XX,Fey Balsom,9287,1
682,Out for a Kill,Johannah Wastall,146,1
683,"Greatest, The",Onfroi Arnett,5733,4
684,Between the Devil and the Deep Blue Sea,Dee dee Fairs,5831,5
685,"Departed, The",Petrina Gaw,8860,6
686,A Flintstones Christmas Carol,Rozalin Jeffress,3124,4
687,Wolves,Gare Rawsthorne,309,2
688,"Greatest Show on Earth, The",Nessy McMeanma,8830,1
689,Open Grave,Benedick Alldritt,6116,5
690,"Room with a View, A",Baxie Gipp,6354,3
691,I Got Next,Missy Yurmanovev,8801,3
692,The Damned,Sheila-kathryn Everleigh,2906,4
693,"Animal, The",Cirillo Yardy,3986,4
694,Song of the Exile (Ke tu qiu hen),Russ Brownlow,1871,1
695,Search and Destroy,Merralee Bartos,7495,1
696,Ella Enchanted,Meridel Heimann,3081,1
697,"Garage, The",Hadley Harford,5796,4
698,Criminal Law,Ellette Culley,7377,6
699,Deception,Gilles Pavlenko,6979,6
700,Special 26,Marlie Hellens,3204,2
701,Mistaken for Strangers,Juliann Dodding,3008,5
702,Puddle Cruiser,Wait Perks,6912,3
703,Savage Streets,Hobart Kirtlan,7957,5
704,Bustin' Loose,Joceline Hender,8753,5
705,A Matador's Mistress,Ari Ashfold,2421,1
706,The Lumière Brothers' First Films,Robers Shaughnessy,6544,2
707,"Yobi, The Five-Tailed Fox",Pooh Terney,6413,5
708,"Buccaneer, The",Lonna Gleave,1821,1
709,"Navigator: A Mediaeval Odyssey, The",Calli Dictus,3281,1
710,Panic,Godiva Aldous,7183,6
711,Bubble Boy,Karlan Amis,1516,3
712,"River, The",Isabeau Lyenyng,7345,1
713,"Swamp, The (Ciénaga, La)",Brock McCluin,6068,1
714,Summer in February,Kennedy Diplock,8479,3
715,Underworld: Rise of the Lycans,Marius Gillian,6774,4
716,Beyond Therapy,Alaster Keerl,879,4
717,It Came from Outer Space,Shelba Tilbrook,4147,2
718,According to Spencer,Jeffry McAnalley,5990,5
719,"Hand of Death, The (Shao Lin men)",Joan Stallworthy,5464,4
720,"Men, Women & Children",Emera Wroth,1424,4
721,"Return of a Man Called Horse, The",Laverna Wigsell,5296,2
722,"Party 2, The (Boum 2, La)",Abe Kedie,201,1
723,Anna and the King,Dori Aleso,1606,6
724,What Women Want (a.k.a. I Know a Woman's Heart),Carmela Brownill,5811,2
725,Madhouse,Rutledge Ludlow,7261,4
726,"Skin, Skin (Käpy selän alla)",Glad Workman,6983,3
727,"Pick-up Artist, The",Myrah Kilbourne,6529,3
728,"Klansman, The",Dieter McIlherran,6901,6
729,Tales of Terror (Kaidan Shin Mimibukuro),Evangelina Voce,4085,4
730,"That Night in Varennes (Nuit de Varennes, La)",Gerik Yukhnevich,5520,6
731,"Grand Seduction, The",Royall Dayton,7603,6
732,"Dirty Dozen, The: The Fatal Mission",Nisse Feighry,4333,4
733,"Change-Up, The",Jemie Rosenstiel,9953,2
734,To Live and Die in L.A.,Nataniel Rydings,6296,2
735,Persuasion,Kara-lynn Claire,9108,6
736,"Ladykillers, The",Reinaldos Ondracek,6951,5
737,Hercules in the Underworld,Roby Plessing,7718,3
738,In the Name of the King 2: Two Worlds,Roseanna Donativo,9590,1
739,Frosty the Snowman,Gasper Anker,5267,4
740,"Promised Life, The (Vie promise, La)",Teirtza Tame,8260,1
741,Old Man Drinking a Glass of Beer,Celene Cardiff,7131,4
742,The Cave of the Golden Rose,Lula Bumford,2939,3
743,Peking Opera Blues (Do ma daan),Amanda Mennithorp,9599,5
744,"Silence of the Sea, The (Le silence de la mer)",Winona Todaro,1815,3
745,Cats Don't Dance,Joshua Kiddey,6930,5
746,"Lady with the Dog, The (Dama s sobachkoy)",Lanie Osbidston,1488,5
747,Salesman,Jaynell Frostdicke,3985,6
748,Torn,Raddie Jurasz,5633,2
749,Lollilove,Simonette Johansson,146,6
750,Out of the Ashes,Byram Jocic,5599,2
751,Red River,Iggy Taynton,746,1
752,Steel Toes,Dene Cawson,6675,6
753,Billy Madison,Becky Dunhill,2933,1
754,"Blue Angel, The",Gertrudis Yarr,5853,6
755,Under Ten Flags,Darleen Magnay,604,1
756,"Emperor Waltz, The",Karmen Laslett,9422,1
757,Barry Munday,Maryrose Ghidoni,4133,3
758,Vai~E~Vem,Nadia Cosser,1913,3
759,"Times of Harvey Milk, The",Earle Keuning,6124,6
760,"Treasure Hunter, The (Ci ling)",Merry Miell,4380,2
761,Failan,Margette Teggart,7980,3
762,Black or White,Lynn Jollye,722,6
763,Becky Sharp,Diana Libbie,5064,6
764,Guest from the Future (Gostya iz buduschego),Celia Cage,9478,2
765,Den sommeren jeg fylte 15,Rodie Amorine,5130,4
766,And Life Goes On (a.k.a. Life and Nothing More) (Zendegi va digar hich),Nadeen Cope,5908,1
767,St. George Shoots the Dragon (Sveti Georgije ubiva azdahu),Caryn Shirlaw,6854,5
768,Emergo (Apartment 143),Kelwin Antoshin,1312,5
769,Random Hearts,Elissa Skechley,1699,6
770,Screwed in Tallinn (Torsk på Tallinn - En liten film om ensamhet),Diahann Pisculli,8784,2
771,F/X2 (a.k.a. F/X 2 - The Deadly Art of Illusion),Base McMearty,1884,5
772,The Vixen,Olav Gane,5909,3
773,Loulou,Chelsy Wooder,3425,6
774,"Bridge to Nowhere, The",Emmaline Scade,894,1
775,"Pain in the Ass, A (L'emmerdeur)",Yettie Blunsen,7979,6
776,"Life is to Whistle (Vida es silbar, La)",Richmound Maccaig,3018,2
777,Anne of the Thousand Days,Sheffy Hastwell,5126,2
778,Peep World,Celestia Seeds,1462,5
779,Nine Dead Gay Guys,Cobbie Moxstead,9361,6
780,Masters of the Universe,Bear Millichap,4072,3
781,Female Convict Scorpion: Jailhouse 41 (Joshuu sasori: Dai-41 zakkyo-bô),Cynde Phair,4551,5
782,Rumble in the Bronx (Hont faan kui),Darin Millbank,898,4
783,Turks & Caicos,Ophelie Gruszczak,2344,2
784,Watchmen: Tales of the Black Freighter,Davita Nielson,465,4
785,Beautiful Boy,Merrick Mecco,3524,5
786,Curse of the Ring (Ring of the Nibelungs),Huey Seemmonds,7080,2
787,"Wicked Lady, The",Melisenda Mardee,8959,1
788,Vivere,Corny Heathcote,6561,6
789,Big Easy Express,Mariann Leitch,618,3
790,Ashes of Time (Dung che sai duk),Waring Megarrell,9917,1
791,Radio Days,Jacklin Billie,6484,6
792,Resurrect Dead: The Mystery of the Toynbee Tiles,Lucienne Wheldon,1132,1
793,Fjorton suger,Llewellyn O'Mara,3173,3
794,Hey Bartender,Archibald Westpfel,3730,5
795,"Terrorist, The (a.k.a. Malli) (Theeviravaathi)",Walden Stowers,4583,2
796,Dragon Fist (Long quan),Kris Dillicate,9160,4
797,The Runner from Ravenshead,Magdalena Naden,5976,1
798,The Circle,Gusty Freire,5946,5
799,Spring Breakdown,Willey Knappen,9083,1
800,"Artist and the Model, The (El artista y la modelo)",Torin Gower,2656,6
801,Memento,Tracy Ceresa,326,6
802,Blood Trails ,Lauri McRitchie,3675,3
803,Magic Hunter (Büvös vadász),Noni Howsan,2944,5
804,Gus,Gwendolyn Rabb,7592,4
805,"Client List, The",Milt Hawkswood,160,2
806,"Million Ways to Die in the West, A",Maighdiln Dulany,3701,2
807,Suite Française,Parry Scherme,6624,5
808,Hot Fuzz,Marlene Goward,3409,4
809,Now You Know,Douglass Cramond,1623,4
810,Close My Eyes,Winonah Duligall,785,2
811,Grass,Tressa Dornan,8876,3
812,"Solid Gold Cadillac, The",Vinnie Alliban,6914,5
813,"Time for Killing, A",Hyacinth Quadling,5374,3
814,Conan the Destroyer,Cody Prendergrast,5384,3
815,"John Garfield Story, The",Gerik Kervin,104,2
816,Life and Debt,Banky Ivatts,3077,1
817,Mr. Moto in Danger Island,Gail Shovelton,9385,6
818,Hotel Terminus: The Life and Times of Klaus Barbie (Hôtel Terminus),Colly Wissbey,6754,6
819,A Summer in St. Tropez,Efrem Currom,7404,6
820,Shinobi No Mono 3: Resurrection (Shin shinobi no mono),Rosabelle Acland,2442,1
821,Singham,Arin Bingall,8869,3
822,"Scarlet Pimpernel, The",Thor Derwin,2714,5
823,Choose,Gillie Tremblay,8114,1
824,"Executioner, The",Renaldo Pinkstone,2323,1
825,Nancy Drew and the Hidden Staircase,Betteanne Tieraney,9534,3
826,Clownhouse,Judon Cicchinelli,8591,3
827,Ernest Rides Again,Isa Hynes,1020,2
828,"Deep Blue Sea, The",Leicester Tye,2117,3
829,Tarzan the Ape Man,Joshua Bysh,7700,1
830,Hannah Takes the Stairs,Ardyth Cockland,8810,2
831,Laura,Lyndell Hustings,4329,1
832,"Expendables, The",Ailina Cave,3149,5
833,A Follower for Emily,Kori Gager,1338,4
834,"Sky Crawlers, The (Sukai kurora)",Glyn Asey,2499,3
835,Our Town,Osmond Coling,3710,4
836,Call Me Madam,Eleonore Platfoot,6337,4
837,"Kids in the Hall: Same Guys, New Dresses",Jarvis Boatwright,8133,5
838,Were the World Mine,Junia Montilla,4575,4
839,"Uncle Marin, the Billionaire (Nea Marin miliardar) (Uncle Martin, the Multimillionaire)",Arnuad Balog,1784,6
840,I'm Here,Janice MacNeilage,5009,1
841,Tuff Turf,Todd Clayborn,8156,6
842,"Wet Parade, The",Caritta Di Francecshi,8177,4
843,Children of the Corn: Revelation,Agnola Haggish,2927,4
844,His Girl Friday,Gwenette Deeks,5763,6
845,Bestseller (Be-seu-teu-sel-leo),Adi Keniwell,5427,4
846,"Iron Horse, The",Sonny MacCosty,3021,4
847,Levitated Mass,Silva Atwater,2283,4
848,The Seventh Sin,Isabel Bellany,7703,6
849,35 and Ticking,Minor Mayell,4569,6
850,Tatie Danielle,Franklyn Veschambes,4644,6
851,Hoodwinked Too! Hood vs. Evil,Allegra Firks,6895,4
852,Thanksgiving Family Reunion (National Lampoon's Holiday Reunion),Giana Axtell,4102,4
853,Confession,Phineas Bastistini,3634,1
854,"Best Intentions, The (Den goda viljan)",Laughton O' Mullan,7874,5
855,Lisa Picard is Famous (a.k.a. Famous),Bartlett Gurling,1499,6
856,Lantana,Lief Clausen,7626,4
857,Les Lyonnais,Amandi Pettiford,7970,1
858,"Enfer, L'",Duncan McCahey,3376,1
859,"Face in the Crowd, A",Aimee Accomb,1085,3
860,Chronicle,Mackenzie Crow,4848,6
861,"Emperor and the Assassin, The (Jing ke ci qin wang)",Nicola Puleque,2932,3
862,Someone's Gaze,Adel Poxton,753,1
863,Katsastus,Jordan Gorling,7180,3
864,"Gunfighter, The",Dell Meadmore,6267,5
865,Red Sonja,Gigi Bushnell,7245,1
866,Violeta Went to Heaven (Violeta se fue a los cielos),Field Hollerin,5615,2
867,Dust Devil,Meggie Eyles,1336,3
868,Beyond All Boundaries,Christiane Haydney,2759,6
869,Yumeji,Pembroke Prisley,1706,2
870,True Grit,Elwood Clemencon,5801,2
871,In Eagle Shadow Fist (Ding tian li di) (Fist of Anger),Sue Twoohy,3568,3
872,Jekyll & Hyde... Together Again,Jeff Mawne,1978,2
873,Christmas Story (Joulutarina),Ermanno Goley,9229,1
874,Cul-de-sac,Erwin Garatty,8862,1
875,"Secret Adventures of Gustave Klopp, The (Narco)",Lorraine Polkinghorne,8904,5
876,Seeing Other People,Staci Slany,2918,4
877,Better Than Chocolate,Budd Mace,7658,3
878,Mistress America,Christiana Buss,888,1
879,Kahlekuningas,Shena Gianninotti,5843,6
880,Antoine and Colette (Antoine et Colette),Stillmann L'Hommeau,9466,2
881,"Uncle Marin, the Billionaire (Nea Marin miliardar) (Uncle Martin, the Multimillionaire)",Whitby Farrier,7644,6
882,Merchants of Doubt,Alfred Purle,3053,2
883,The Package,Merl Dyas,3242,4
884,Jessie James Meets Frankenstein's Daughter,Kassandra Kurth,312,5
885,Antares,Boone Ligerton,2066,2
886,Rebels of the Neon God (Qing shao nian nuo zha),Ricardo Filippozzi,4774,3
887,Wyrmwood,Sisely Rashleigh,1316,6
888,One Man Against the Organization,Efren Itzkovsky,9102,6
889,American Gun,Natalee Hemms,6574,1
890,Gallipoli,Kellina Mashro,8141,4
891,Bush's Brain,Gale Morgans,6371,2
892,"War, The",Koenraad Fomichkin,3226,6
893,Nocturno 29,Andras Atack,142,6
894,The Old Maid,Katharyn Spenclay,3386,5
895,"Public Enemy, The",Ferdinand Roscoe,2128,3
896,Rambo: First Blood Part II,Flem Rymmer,7905,3
897,"Busher, The",Phylis Yegorev,7820,2
898,"Living Room of the Nation, The (Kansakunnan olohuone)",Trudy Edison,8441,1
899,"Bedford Incident, The",Cristen Zoren,881,2
900,"Lord of the Rings: The Return of the King, The",Marlena Croll,6778,4
901,Night Tide,Davy Lethardy,6258,5
902,Mixed Nuts,Blanca Minchella,3264,3
903,India: Matri Bhumi,Lanny Chitham,5175,3
904,Bitter Creek,Giusto Dunkerly,2113,5
905,"Too Early, Too Late (Trop tôt, trop tard)",Alphonso Giberd,8146,1
906,Frontière(s),Nicole Senechell,6853,5
907,"Exorcist, The",Isidro Wollrauch,6852,2
908,Heroic Cops (Jing wang shuang xiong),Cullen Runchman,7334,2
909,Article 99,Eolande Gunthorpe,6547,6
910,Heroic Cops (Jing wang shuang xiong),Lari Jenicek,7438,1
911,Enthusiasm (Entuziazm: Simfoniya Donbassa),Pattin Berndsen,6019,2
912,Exit,Shelba Conklin,5831,2
913,Blues Harp,Sumner Prowting,9848,5
914,Powaqqatsi,Elvira Fleckney,9625,6
915,Mad Love (Juana la Loca),Linet Opy,9020,3
916,GhostWatcher,Carol Niset,623,6
917,"Sacrament, The",Hilly Elwill,6435,5
918,"Rachel Papers, The",Rollo Connah,753,5
919,Toronto Stories,Eliot Copnar,8882,6
920,"Middle of the World, The (O Caminho das Nuvens)",Elia Critcher,9949,1
921,Black Tar Heroin: The Dark End of the Street,Caril Lace,8897,5
922,Predators,Helenka Abrahamovitz,3346,5
923,"Boynton Beach Bereavement Club, The",Jerrilee Reneke,1849,2
924,XIII: The Conspiracy,Bettye Sweeting,1610,5
925,Alien Outpost,Jocelyn Reisen,9143,2
926,On Her Majesty's Secret Service,Amata Baudrey,7185,4
927,Vital,Fee Kaines,5767,2
928,Taking Lives,Cindy Benyan,6162,4
929,40 Guns to Apache Pass,Zia Pagen,7107,4
930,Clara's Heart,Darryl Jakubovsky,6980,2
931,"Taste of Others, The (Le goût des autres)",Carolee Pavolillo,4452,5
932,Junior,Klarika Sly,328,5
933,Flubber,Elroy Paddington,8959,5
934,Welfare,Miriam O'Mullally,9640,5
935,"Glass Agency, The (Ajans-E Shisheh-I)",Shara Noades,8424,5
936,White Fang 2: Myth of the White Wolf,Leticia Procter,5863,6
937,Baghead,Marley Lovat,6466,5
938,Hamlet,Parsifal Bardsley,3480,5
939,Hackers,Hilario Bamlet,5617,2
940,Duplex,Cathy Cuming,5890,3
941,Starlift,Dani Simyson,1798,2
942,Don't Go Breaking My Heart (Daan gyun naam yu),Marga Clemon,8305,4
943,Bill Bailey: Qualmpeddler,Martin Dillet,995,3
944,The Strange Affair,Gillan Poveleye,867,4
945,"Arrested Development Documentary Project, The",Dina Iorillo,5444,2
946,Home of the Brave,Arlena Blaksland,7380,6
947,"Amazing Transparent Man, The",Adela Lissandrini,358,4
948,"OH in Ohio, The",Delphinia D'Aguanno,9401,3
949,Aftermath: Population Zero,Candy Sharrock,3915,4
950,1941,Dael Honacker,8384,3
951,Finding Amanda,Rafaello Kitley,9917,2
952,Reflections in a Golden Eye,Nancee Gimber,6286,6
953,Busting,Shay Reedyhough,2970,2
954,Fire,Clywd Panks,7690,1
955,Everything,Timothea Flucker,4312,6
956,Pure Country,Benetta Levesque,6044,5
957,Lotta på Bråkmakargatan,Cirilo Scurrell,3640,4
958,Free Ride,Putnem Verney,1431,3
959,I Really Hate My Job,Alex Keble,8516,2
960,Hope Springs,Kacey Eaves,4172,2
961,Blue Car,Maryanna Adanez,1723,2
962,Immaculate Conception of Little Dizzle,Elvera Burnel,2711,3
963,Guns of the Magnificent Seven,Joel Staddart,4858,5
964,Hoodlum,Florian Filgate,7497,2
965,Saving Shiloh,Shermy Dell 'Orto,7330,4
966,Chatroom,Padraic Agget,6996,5
967,Wife vs. Secretary,Julieta Osgar,5734,1
968,Trailer Park Boys: The Movie,Mignon Batchelar,7126,5
969,Nanking,Catrina Quilliam,2282,1
970,Me Myself I,Jordanna Duckerin,8203,2
971,"O Brother, Where Art Thou?",Chastity Amorts,6174,1
972,Howling III: The Marsupials,Madlen de Verson,1354,6
973,Selma,Sim Valde,1422,2
974,Broken Lullaby (a.k.a. The Man I Killed),King McLese,6385,5
975,"Prophet, the Gold and the Transylvanians, The (Profetul, aurul si Ardelenii)",Nannie Staddom,4242,3
976,Dark City,Monah Tregust,513,3
977,Waiting For Armageddon,Tuck Daventry,3465,1
978,Sisters (Syostry),Tommy Gabbitus,2143,5
979,"Curse of the Werewolf, The",Garrett Bimson,5509,4
980,"Pawnbroker, The",Jenelle Haime,5521,2
981,Odette Toulemonde,Colline Hewkin,4856,1
982,Unconditional,Janie Gehringer,8955,4
983,Focus,Tamqrah Rape,355,4
984,Creature,Roseline Coundley,4611,6
985,Equinox,Madelena Stennett,9947,1
986,Spy Kids 3-D: Game Over,Kissie Tsarovic,7141,3
987,Excuse Me for Living,Persis Kolczynski,5384,3
988,"Cemetery Club, The",Leann Tacon,8183,4
989,Medea,Marys Seamon,5415,6
990,"Private Eyes, The",Toby Webburn,3460,4
991,Reds,Ivor Leworthy,5772,4
992,Camp,Marline Dillon,7556,1
993,"Friend of the Deceased, A (Priyatel pokonika)",Raddie Logan,3391,4
994,Tavarataivas,Griffin Dodridge,3704,6
995,Surviving Picasso,Taryn Lightman,102,4
996,Alien from L.A.,Roxi Kindell,7340,4
997,Hobo with a Shotgun,Alyse Rusted,4179,4
998,"Celebration, The (Festen)",Gill Aleswell,9309,3
999,Free Money,Mavra de Courcy,9571,6
1000,Werner Herzog Eats His Shoe,Holli O'Lunny,8149,3
